D;1;C;377
D;2;C;376
D;3;C;375
D;4;C;374
D;5;C;373
D;6;C;372
D;7;C;371
D;8;C;370
D;9;C;369
D;10;C;368
D;11;C;5
D;12;C;4
D;13;C;3
D;14;C;2
D;15;C;1
D;16;C;744
D;17;C;743
D;18;C;742
D;19;C;741
D;20;C;740
E;1;C;20
E;2;C;19
E;3;C;18
E;4;C;17
E;5;C;16
E;6;C;0
E;7;C;0
E;8;C;0
E;9;C;0
E;10;C;0
E;11;C;15
E;12;C;14
E;13;C;13
E;14;C;12
E;15;C;11
E;16;C;10
E;17;C;9
E;18;C;8
E;19;C;7
E;20;C;6
E;21;C;367
E;22;C;366
E;23;C;365
E;24;C;364
E;25;C;363
E;26;C;362
E;27;C;361
E;28;C;360
E;29;C;359
E;30;C;358
E;31;C;357
E;32;C;0
E;33;C;0
E;34;C;0
E;35;C;0
E;36;C;0
E;37;C;356
E;38;C;355
E;39;C;354
E;40;C;353
E;41;C;352
E;42;C;351
E;43;C;350
E;44;C;349
E;45;C;348
E;46;C;347
E;47;C;243
E;48;C;242
E;49;C;241
E;50;C;240
E;51;C;239
E;52;C;238
E;53;C;237
E;54;C;236
E;55;C;235
E;56;C;234
E;57;C;233
E;58;C;0
E;59;C;0
E;60;C;0
E;61;C;0
E;62;C;0
E;63;C;232
E;64;C;231
E;65;C;230
E;66;C;229
E;67;C;228
E;68;C;227
E;69;C;226
E;70;C;225
E;71;C;224
E;72;C;223
E;73;C;26
E;74;C;25
E;75;C;24
E;76;C;23
E;77;C;22
E;78;C;21
F;1;C;222
F;2;C;221
F;3;C;220
F;4;C;219
F;5;C;218
F;6;C;217
F;7;C;216
F;8;C;215
F;9;C;214
F;10;C;213
F;11;C;36
F;12;C;35
F;13;C;34
F;14;C;33
F;15;C;32
F;16;C;31
F;17;C;30
F;18;C;29
F;19;C;28
F;20;C;27
G;1;C;51
G;2;C;50
G;3;C;49
G;4;C;48
G;5;C;47
G;6;C;0
G;7;C;0
G;8;C;0
G;9;C;0
G;10;C;0
G;11;C;46
G;12;C;45
G;13;C;44
G;14;C;43
G;15;C;42
G;16;C;41
G;17;C;40
G;18;C;39
G;19;C;38
G;20;C;37
G;21;C;212
G;22;C;211
G;23;C;210
G;24;C;209
G;25;C;208
G;26;C;207
G;27;C;206
G;28;C;205
G;29;C;204
G;30;C;203
G;31;C;202
G;32;C;0
G;33;C;0
G;34;C;0
G;35;C;0
G;36;C;0
G;37;C;201
G;38;C;200
G;39;C;199
G;40;C;198
G;41;C;197
G;42;C;196
G;43;C;195
G;44;C;194
G;45;C;193
G;46;C;192
G;47;C;88
G;48;C;87
G;49;C;86
G;50;C;85
G;51;C;84
G;52;C;83
G;53;C;82
G;54;C;81
G;55;C;80
G;56;C;79
G;57;C;78
G;58;C;0
G;59;C;0
G;60;C;0
G;61;C;0
G;62;C;0
G;63;C;77
G;64;C;76
G;65;C;75
G;66;C;74
G;67;C;73
G;68;C;72
G;69;C;71
G;70;C;70
G;71;C;69
G;72;C;68
G;73;C;57
G;74;C;56
G;75;C;55
G;76;C;54
G;77;C;53
G;78;C;52
H;1;C;67
H;2;C;66
H;3;C;65
H;4;C;64
H;5;C;63
H;6;C;682
H;7;C;681
H;8;C;680
H;9;C;679
H;10;C;678
H;11;C;687
H;12;C;686
H;13;C;685
H;14;C;684
H;15;C;683
H;16;C;62
H;17;C;61
H;18;C;60
H;19;C;59
H;20;C;58
I;1;C;191
I;2;C;190
I;3;C;189
I;4;C;188
I;5;C;187
I;6;C;186
I;7;C;185
I;8;C;184
I;9;C;183
I;10;C;182
I;11;C;98
I;12;C;97
I;13;C;96
I;14;C;95
I;15;C;94
I;16;C;93
I;17;C;92
I;18;C;91
I;19;C;90
I;20;C;89
J;1;C;175
J;2;C;174
J;3;C;173
J;4;C;172
J;5;C;171
J;6;C;0
J;7;C;0
J;8;C;0
J;9;C;0
J;10;C;0
J;11;C;170
J;12;C;169
J;13;C;168
J;14;C;167
J;15;C;166
J;16;C;165
J;17;C;164
J;18;C;163
J;19;C;162
J;20;C;161
J;21;C;150
J;22;C;149
J;23;C;148
J;24;C;147
J;25;C;146
J;26;C;145
J;27;C;144
J;28;C;143
J;29;C;142
J;30;C;141
J;31;C;140
J;32;C;0
J;33;C;0
J;34;C;0
J;35;C;0
J;36;C;0
J;37;C;139
J;38;C;138
J;39;C;137
J;40;C;136
J;41;C;135
J;42;C;134
J;43;C;133
J;44;C;132
J;45;C;131
J;46;C;130
J;47;C;119
J;48;C;118
J;49;C;117
J;50;C;116
J;51;C;115
J;52;C;114
J;53;C;113
J;54;C;112
J;55;C;111
J;56;C;110
J;57;C;109
J;58;C;0
J;59;C;0
J;60;C;0
J;61;C;0
J;62;C;0
J;63;C;108
J;64;C;107
J;65;C;106
J;66;C;105
J;67;C;104
J;68;C;103
J;69;C;102
J;70;C;101
J;71;C;100
J;72;C;99
J;73;C;181
J;74;C;180
J;75;C;179
J;76;C;178
J;77;C;177
J;78;C;176
K;1;C;625
K;2;C;624
K;3;C;623
K;4;C;622
K;5;C;621
K;6;C;124
K;7;C;123
K;8;C;122
K;9;C;121
K;10;C;120
K;11;C;129
K;12;C;128
K;13;C;127
K;14;C;126
K;15;C;125
K;16;C;620
K;17;C;619
K;18;C;618
K;19;C;617
K;20;C;616
L;1;C;284
L;2;C;283
L;3;C;282
L;4;C;281
L;5;C;280
L;6;C;155
L;7;C;154
L;8;C;153
L;9;C;152
L;10;C;151
L;11;C;160
L;12;C;159
L;13;C;158
L;14;C;157
L;15;C;156
L;16;C;279
L;17;C;278
L;18;C;277
L;19;C;276
L;20;C;275
M;1;C;346
M;2;C;345
M;3;C;344
M;4;C;343
M;5;C;342
M;6;C;341
M;7;C;340
M;8;C;339
M;9;C;338
M;10;C;337
M;11;C;253
M;12;C;252
M;13;C;251
M;14;C;250
M;15;C;249
M;16;C;248
M;17;C;247
M;18;C;246
M;19;C;245
M;20;C;244
N;1;C;268
N;2;C;267
N;3;C;266
N;4;C;265
N;5;C;264
N;6;C;0
N;7;C;0
N;8;C;0
N;9;C;0
N;10;C;0
N;11;C;263
N;12;C;262
N;13;C;261
N;14;C;260
N;15;C;259
N;16;C;258
N;17;C;257
N;18;C;256
N;19;C;255
N;20;C;254
N;21;C;336
N;22;C;335
N;23;C;334
N;24;C;333
N;25;C;332
N;26;C;331
N;27;C;330
N;28;C;329
N;29;C;328
N;30;C;327
N;31;C;326
N;32;C;0
N;33;C;0
N;34;C;0
N;35;C;0
N;36;C;0
N;37;C;325
N;38;C;324
N;39;C;323
N;40;C;322
N;41;C;321
N;42;C;320
N;43;C;319
N;44;C;318
N;45;C;317
N;46;C;316
N;47;C;305
N;48;C;304
N;49;C;303
N;50;C;302
N;51;C;301
N;52;C;300
N;53;C;299
N;54;C;298
N;55;C;297
N;56;C;296
N;57;C;295
N;58;C;0
N;59;C;0
N;60;C;0
N;61;C;0
N;62;C;0
N;63;C;294
N;64;C;293
N;65;C;292
N;66;C;291
N;67;C;290
N;68;C;289
N;69;C;288
N;70;C;287
N;71;C;286
N;72;C;285
N;73;C;274
N;74;C;273
N;75;C;272
N;76;C;271
N;77;C;270
N;78;C;269
O;1;C;439
O;2;C;438
O;3;C;437
O;4;C;436
O;5;C;435
O;6;C;310
O;7;C;309
O;8;C;308
O;9;C;307
O;10;C;306
O;11;C;315
O;12;C;314
O;13;C;313
O;14;C;312
O;15;C;311
O;16;C;434
O;17;C;433
O;18;C;432
O;19;C;431
O;20;C;430
P;1;C;733
P;2;C;732
P;3;C;731
P;4;C;730
P;5;C;729
P;6;C;0
P;7;C;0
P;8;C;0
P;9;C;0
P;10;C;0
P;11;C;728
P;12;C;727
P;13;C;726
P;14;C;725
P;15;C;724
P;16;C;723
P;17;C;722
P;18;C;721
P;19;C;720
P;20;C;719
P;21;C;522
P;22;C;521
P;23;C;520
P;24;C;519
P;25;C;518
P;26;C;517
P;27;C;516
P;28;C;515
P;29;C;514
P;30;C;513
P;31;C;512
P;32;C;0
P;33;C;0
P;34;C;0
P;35;C;0
P;36;C;0
P;37;C;511
P;38;C;510
P;39;C;509
P;40;C;508
P;41;C;507
P;42;C;506
P;43;C;505
P;44;C;504
P;45;C;503
P;46;C;502
P;47;C;398
P;48;C;397
P;49;C;396
P;50;C;395
P;51;C;394
P;52;C;393
P;53;C;392
P;54;C;391
P;55;C;390
P;56;C;389
P;57;C;388
P;58;C;0
P;59;C;0
P;60;C;0
P;61;C;0
P;62;C;0
P;63;C;387
P;64;C;386
P;65;C;385
P;66;C;384
P;67;C;383
P;68;C;382
P;69;C;381
P;70;C;380
P;71;C;379
P;72;C;378
P;73;C;739
P;74;C;738
P;75;C;737
P;76;C;736
P;77;C;735
P;78;C;734
Q;1;C;501
Q;2;C;500
Q;3;C;499
Q;4;C;498
Q;5;C;497
Q;6;C;496
Q;7;C;495
Q;8;C;494
Q;9;C;493
Q;10;C;492
Q;11;C;408
Q;12;C;407
Q;13;C;406
Q;14;C;405
Q;15;C;404
Q;16;C;403
Q;17;C;402
Q;18;C;401
Q;19;C;400
Q;20;C;399
R;1;C;423
R;2;C;422
R;3;C;421
R;4;C;420
R;5;C;419
R;6;C;0
R;7;C;0
R;8;C;0
R;9;C;0
R;10;C;0
R;11;C;418
R;12;C;417
R;13;C;416
R;14;C;415
R;15;C;414
R;16;C;413
R;17;C;412
R;18;C;411
R;19;C;410
R;20;C;409
R;21;C;491
R;22;C;490
R;23;C;489
R;24;C;488
R;25;C;487
R;26;C;486
R;27;C;485
R;28;C;484
R;29;C;483
R;30;C;482
R;31;C;481
R;32;C;0
R;33;C;0
R;34;C;0
R;35;C;0
R;36;C;0
R;37;C;480
R;38;C;479
R;39;C;478
R;40;C;477
R;41;C;476
R;42;C;475
R;43;C;474
R;44;C;473
R;45;C;472
R;46;C;471
R;47;C;460
R;48;C;459
R;49;C;458
R;50;C;457
R;51;C;456
R;52;C;455
R;53;C;454
R;54;C;453
R;55;C;452
R;56;C;451
R;57;C;450
R;58;C;0
R;59;C;0
R;60;C;0
R;61;C;0
R;62;C;0
R;63;C;449
R;64;C;448
R;65;C;447
R;66;C;446
R;67;C;445
R;68;C;444
R;69;C;443
R;70;C;442
R;71;C;441
R;72;C;440
R;73;C;429
R;74;C;428
R;75;C;427
R;76;C;426
R;77;C;425
R;78;C;424
S;1;C;594
S;2;C;593
S;3;C;592
S;4;C;591
S;5;C;590
S;6;C;465
S;7;C;464
S;8;C;463
S;9;C;462
S;10;C;461
S;11;C;470
S;12;C;469
S;13;C;468
S;14;C;467
S;15;C;466
S;16;C;589
S;17;C;588
S;18;C;587
S;19;C;586
S;20;C;585
T;1;C;718
T;2;C;717
T;3;C;716
T;4;C;715
T;5;C;714
T;6;C;713
T;7;C;712
T;8;C;711
T;9;C;710
T;10;C;709
T;11;C;532
T;12;C;531
T;13;C;530
T;14;C;529
T;15;C;528
T;16;C;527
T;17;C;526
T;18;C;525
T;19;C;524
T;20;C;523
U;1;C;547
U;2;C;546
U;3;C;545
U;4;C;544
U;5;C;543
U;6;C;0
U;7;C;0
U;8;C;0
U;9;C;0
U;10;C;0
U;11;C;542
U;12;C;541
U;13;C;540
U;14;C;539
U;15;C;538
U;16;C;537
U;17;C;536
U;18;C;535
U;19;C;534
U;20;C;533
U;21;C;708
U;22;C;707
U;23;C;706
U;24;C;705
U;25;C;704
U;26;C;703
U;27;C;702
U;28;C;701
U;29;C;700
U;30;C;699
U;31;C;698
U;32;C;0
U;33;C;0
U;34;C;0
U;35;C;0
U;36;C;0
U;37;C;697
U;38;C;696
U;39;C;695
U;40;C;694
U;41;C;693
U;42;C;692
U;43;C;691
U;44;C;690
U;45;C;689
U;46;C;688
U;47;C;677
U;48;C;676
U;49;C;675
U;50;C;674
U;51;C;673
U;52;C;672
U;53;C;671
U;54;C;670
U;55;C;669
U;56;C;668
U;57;C;667
U;58;C;0
U;59;C;0
U;60;C;0
U;61;C;0
U;62;C;0
U;63;C;666
U;64;C;665
U;65;C;664
U;66;C;663
U;67;C;662
U;68;C;661
U;69;C;660
U;70;C;659
U;71;C;658
U;72;C;657
U;73;C;553
U;74;C;552
U;75;C;551
U;76;C;550
U;77;C;549
U;78;C;548
V;1;C;656
V;2;C;655
V;3;C;654
V;4;C;653
V;5;C;652
V;6;C;651
V;7;C;650
V;8;C;649
V;9;C;648
V;10;C;647
V;11;C;563
V;12;C;562
V;13;C;561
V;14;C;560
V;15;C;559
V;16;C;558
V;17;C;557
V;18;C;556
V;19;C;555
V;20;C;554
W;1;C;578
W;2;C;577
W;3;C;576
W;4;C;575
W;5;C;574
W;6;C;0
W;7;C;0
W;8;C;0
W;9;C;0
W;10;C;0
W;11;C;573
W;12;C;572
W;13;C;571
W;14;C;570
W;15;C;569
W;16;C;568
W;17;C;567
W;18;C;566
W;19;C;565
W;20;C;564
W;21;C;646
W;22;C;645
W;23;C;644
W;24;C;643
W;25;C;642
W;26;C;641
W;27;C;640
W;28;C;639
W;29;C;638
W;30;C;637
W;31;C;636
W;32;C;0
W;33;C;0
W;34;C;0
W;35;C;0
W;36;C;0
W;37;C;635
W;38;C;634
W;39;C;633
W;40;C;632
W;41;C;631
W;42;C;630
W;43;C;629
W;44;C;628
W;45;C;627
W;46;C;626
W;47;C;615
W;48;C;614
W;49;C;613
W;50;C;612
W;51;C;611
W;52;C;610
W;53;C;609
W;54;C;608
W;55;C;607
W;56;C;606
W;57;C;605
W;58;C;0
W;59;C;0
W;60;C;0
W;61;C;0
W;62;C;0
W;63;C;604
W;64;C;603
W;65;C;602
W;66;C;601
W;67;C;600
W;68;C;599
W;69;C;598
W;70;C;597
W;71;C;596
W;72;C;595
W;73;C;584
W;74;C;583
W;75;C;582
W;76;C;581
W;77;C;580
W;78;C;579
